Gender,Age,Salary,Purchased
Female,32,150000,Y
Male,45,26000,Y
Male,46,28000,Y
Female,48,29000,Y
Male,45,22000,Y
Female,47,49000,Y
Female,45,22000,Y
Male,46,23000,Y
Male,47,20000,Y
Male,49,28000,Y
Female,47,30000,Y
Female,27,137000,Y
Male,30,135000,Y
Male,32,120000,Y
Male,34,112000,Y
Female,33,149000,Y
Male,30,107000,Y
Female,27,96000,Y
Female,32,135000,Y
Male,32,100000,Y
Male,29,148000,Y
Female,32,117000,Y
Female,39,134000,Y
Female,58,101000,Y
Female,55,130000,Y
Female,40,142000,Y
Female,48,96000,Y
Male,52,150000,Y
Female,60,108000,Y
Male,59,143000,Y
Male,35,91000,Y
Male,37,144000,Y
Male,60,102000,Y
Female,36,126000,Y
Male,56,133000,Y
Female,42,80000,Y
Female,35,147000,Y
Male,40,107000,Y
Male,49,86000,Y
Male,46,79000,Y
Female,53,143000,Y
Male,42,149000,Y
Female,50,88000,Y
Female,56,104000,Y
Female,51,146000,Y
Female,57,122000,Y
Female,35,97000,Y
Female,48,134000,Y
Female,37,146000,Y
Female,52,90000,Y
Female,58,95000,Y
Female,45,131000,Y
Male,36,144000,Y
Female,55,125000,Y
Male,48,90000,Y
Female,42,108000,Y
Female,47,144000,Y
Female,59,76000,Y
Male,60,42000,Y
Male,39,106000,Y
Female,57,26000,Y
Male,57,74000,Y
Male,49,88000,Y
Female,52,38000,Y
Female,50,36000,Y
Female,59,88000,Y
Male,37,70000,Y
Female,52,21000,Y
Female,37,93000,Y
Female,48,138000,Y
Female,37,78000,Y
Male,39,134000,Y
Male,49,89000,Y
Male,55,39000,Y
Male,42,73000,Y
Female,43,112000,Y
Male,46,117000,Y
Female,58,38000,Y
Male,48,74000,Y
Female,37,137000,Y
Male,37,79000,Y
Female,47,113000,Y
Male,36,125000,Y
Male,39,96000,Y
Female,49,141000,Y
Female,39,75000,Y
Female,54,104000,Y
Male,45,32000,Y
Female,52,138000,Y
Female,53,82000,Y
Female,48,30000,Y
Female,48,131000,Y
Male,36,118000,Y
Female,47,107000,Y
Female,48,119000,Y
Male,57,60000,Y
Male,58,144000,Y
Male,39,122000,Y
Female,53,104000,Y
Female,47,51000,Y
Male,47,105000,Y
Male,53,72000,Y
Female,54,108000,Y
Female,38,113000,Y
Female,42,90000,Y
Male,36,99000,Y
Male,60,34000,Y
Male,54,70000,Y
Male,40,71000,Y
Male,43,129000,Y
Female,53,34000,Y
Female,47,50000,Y
Male,42,104000,Y
Female,59,29000,Y
Female,58,47000,Y
Male,46,88000,Y
Female,54,26000,Y
Female,60,46000,Y
Male,60,83000,Y
Male,59,130000,Y
Female,46,32000,Y
Male,41,87000,Y
Female,58,23000,Y
Male,48,33000,Y
Female,44,139000,Y
Male,49,28000,Y
Female,57,33000,Y
Male,56,60000,Y
Female,49,39000,Y
Male,47,34000,Y
Female,48,35000,Y
Male,48,33000,Y
Male,47,23000,Y
Female,45,45000,Y
Male,60,42000,Y
Female,46,41000,Y
Male,51,23000,Y
Female,50,20000,Y
Female,49,36000,Y
Male,19,19000,N
Male,35,20000,N
Female,26,43000,N
Female,27,57000,N
Male,19,76000,N
Male,27,58000,N
Female,27,84000,N
Male,25,33000,N
Female,35,65000,N
Female,26,80000,N
Female,26,52000,N
Male,20,86000,N
Male,32,18000,N
Male,18,82000,N
Male,29,80000,N
Male,29,43000,N
Male,31,18000,N
Male,31,74000,N
Female,21,16000,N
Female,28,44000,N
Male,27,90000,N
Male,35,27000,N
Female,33,28000,N
Male,30,49000,N
Female,26,72000,N
Female,27,31000,N
Female,27,17000,N
Female,33,51000,N
Male,35,108000,N
Male,30,15000,N
Female,28,84000,N
Male,23,20000,N
Male,25,79000,N
Female,27,54000,N
Female,31,89000,N
Female,24,32000,N
Female,18,44000,N
Female,29,83000,N
Female,35,23000,N
Female,27,58000,N
Female,24,55000,N
Female,23,48000,N
Male,28,79000,N
Male,22,18000,N
Female,32,117000,N
Male,27,20000,N
Male,25,87000,N
Female,23,66000,N
Female,59,83000,N
Male,24,58000,N
Male,24,19000,N
Female,23,82000,N
Female,22,63000,N
Female,31,68000,N
Male,25,80000,N
Female,24,27000,N
Female,20,23000,N
Female,33,113000,N
Male,32,18000,N
Male,18,52000,N
Female,22,27000,N
Female,28,87000,N
Female,26,17000,N
Male,30,80000,N
Male,39,42000,N
Male,20,49000,N
Male,35,88000,N
Female,30,62000,N
Male,24,55000,N
Female,28,85000,N
Male,26,81000,N
Male,35,50000,N
Male,22,81000,N
Female,30,116000,N
Male,26,15000,N
Female,29,28000,N
Female,29,83000,N
Female,35,44000,N
Female,35,25000,N
Male,35,73000,N
Female,28,37000,N
Male,27,88000,N
Male,28,59000,N
Female,32,86000,N
Female,19,21000,N
Male,21,72000,N
Female,26,35000,N
Male,27,89000,N
Male,26,86000,N
Female,38,80000,N
Female,39,71000,N
Female,37,71000,N
Male,38,61000,N
Male,37,55000,N
Male,42,80000,N
Male,40,57000,N
Male,35,75000,N
Male,36,52000,N
Male,40,59000,N
Male,41,59000,N
Female,36,75000,N
Male,37,72000,N
Female,40,75000,N
Male,35,53000,N
Female,41,51000,N
Female,39,61000,N
Male,42,65000,N
Male,26,32000,N
Male,30,17000,N
Female,26,84000,N
Male,31,58000,N
Male,33,31000,N
Male,30,87000,N
Female,21,68000,N
Female,28,55000,N
Male,23,63000,N
Female,20,82000,N
Female,28,59000,N
Male,19,25000,N
Male,19,85000,N
Female,18,68000,N
Male,35,59000,N
Male,30,89000,N
Female,34,25000,N
Female,24,89000,N
Female,41,30000,N
Male,29,61000,N
Male,20,74000,N
Female,26,15000,N
Male,41,45000,N
Male,31,76000,N
Female,36,50000,N
Male,40,47000,N
Female,31,15000,N
Male,46,59000,N
Male,29,75000,N
Male,26,30000,N
Male,25,90000,N
Female,37,33000,N
Male,35,38000,N
Female,33,69000,N
Female,18,86000,N
Female,22,55000,N
Female,35,71000,N
Female,29,47000,N
Male,21,88000,N
Male,34,115000,N
Female,26,118000,N
Female,34,43000,N
Female,34,72000,N
Female,23,28000,N
Female,35,47000,N
Male,25,22000,N
Male,24,23000,N
Female,31,34000,N
Male,26,16000,N
Female,31,71000,N
Male,33,43000,N
Female,33,60000,N
Male,31,66000,N
Female,20,82000,N
Female,33,41000,N
Male,35,72000,N
Male,28,32000,N
Male,24,84000,N
Female,19,26000,N
Male,29,43000,N
Male,19,70000,N
Male,28,89000,N
Male,34,43000,N
Female,30,79000,N
Female,20,36000,N
Male,26,80000,N
Male,35,22000,N
Male,35,39000,N
Male,49,74000,N
Female,41,71000,N
Female,47,47000,N
Female,52,114000,N
Female,46,22000,N
Female,59,42000,N
Male,35,58000,N
Male,47,43000,N
Male,49,65000,N
Male,40,78000,N
Female,46,96000,N
Female,41,80000,N
Female,35,60000,N
Male,37,53000,N
Female,40,72000,N
Male,39,42000,N
Female,38,112000,N
Male,40,57000,N
Female,37,80000,N
Female,46,82000,N
Male,38,59000,N
Female,41,72000,N
Female,35,50000,N
Male,41,52000,N
Female,44,39000,N
Male,37,52000,N
Female,50,44000,N
Female,41,72000,N
Male,40,57000,N
Female,35,77000,N
Female,35,72000,N
Male,40,75000,N
Male,37,74000,N
Male,40,61000,N
Female,43,133000,N
Male,38,71000,N
Male,35,61000,N
Male,48,141000,N
Female,37,62000,N
Male,41,79000,N
Male,37,77000,N
Female,35,57000,N
Female,36,63000,N
Male,45,79000,N
Female,40,60000,N
Male,42,54000,N
Female,51,134000,N
Female,38,50000,N
Female,42,70000,N
Female,38,50000,N
Female,39,79000,N
Male,35,55000,N
Male,36,60000,N
Male,41,52000,N
Female,41,60000,N
Male,41,72000,N
Female,42,75000,N
Male,38,51000,N
Male,42,65000,N
Male,40,65000,N
Female,36,54000,N
Male,35,79000,N
Female,38,55000,N
Male,35,75000,N
Female,38,65000,N
Female,41,63000,N
Male,39,77000,N
Male,38,61000,N
Male,37,75000,N
Female,37,57000,N
Female,41,72000,N
Male,42,54000,N
Female,42,79000,N
Male,38,71000,N
Female,39,73000,N
Female,37,80000,N
Female,46,74000,N
Female,42,53000,N
Male,42,64000,N
Male,39,71000,N
Male,36,33000,N